account,nickname
@aaronli,阿柔 ~~我叫伦舞~~ / 阿柔
@abcallen,阿兰 / Allen / 鸭伦
@aellly,瓜叔笑容满面，还自备西瓜汁 / 瓜叔 / 西瓜 / 瓜子
@also.einstein,亦亦
@alvin0617,Alvin / 小红
@amanda8250,阿曼
@andrewma,岩哥
@angelina6688,朱师傅 / 朱莉
@annepink,萍萍
@artsymelanie,美丽姐 / 美丽 / 王美丽 / MW / 分子量
@auleo,榴莲王子 阿奥 / 阿奥
@bichen,芒果
@biorabbit,思想家
@cairou,包子
@ceci99,斤斤
@cecilian,粥粥
@changxiu,北北
@cherryzz,阿紫 / Cherry
@chineseman,大饼
@circlepoint,圈点
@coder-bts,BTS / 码农
@crowflew,维参
@crypto.talk,大灰灰
@cryptocurrencyhk,小编
@dapeng,大鹏哥
@darrenych86,华仔
@davidchen,勇敢
@davidke20,拉仔 / 金鱼佬
@deanliu,刘美女
@doveyan,鸽子
@elizacheng,Eliza
@ericet,村长 / 村Long / 村龙 / 村村
@fishlucy,露西 / 鱼露
@gerer,晨歌
@hansheng,鸭子
@hertz300,小Q
@hmayak,老黄
@honeyday,罗罗
@honoru,米高哥 / 米高 / Michael / 村书记 / 村高
@htliao,阿廖 / HT
@huiguannova,元元
@iguazi123,瓜子
@ishenyaya,曲曲
@itchyfeetdonica,阿朵
@janicechua,佩芯
@jianan,嘉南
@jiangchen,姜臣 / 姜辰
@joythewanderer,Joy
@julian2013,小机机 / 机大爷
@justyy,行长 / 富根
@kadishakho,卡姐
@kelvinzhang,老K / kelvin
@kidsreturn,小兔子一蹦一跳 / 小兔子 / Mandy / 兔兔 / 兔子
@kristylkho,卡宝 / 小佩
@laoma,老马
@lifelikeline,金樽上 / 板凳作家 / Robert
@littlexiannv,小仙女
@liubao,阿宝
@liumei,阿美 / 阿花
@liuzg,老刘头 / 刘老头
@loongxiew,隆哥
@lovelemon,拧萌
@lucindago,Lulu
@lulucy,小鹿
@m18207319997,大猛
@maggieliew1704,Maggie / 美琪
@mfxqaq,小孟
@mia-cc,斤斤
@miniu,阿敏
@minloulou,迷路
@minminlou,小迷路
@morningshine,小K / 老K
@nostalgic1212,小冰
@nuagnorab,nuagnorab
@odillegogh,Odille
@oflyhigh,O哥
@olymim,阿胖
@peanut77,花生阿姨
@pgr,小P / 老艺术家 / 老shi艺术家 / 鸡贼老艺术家 / 小R / 屁股热
@pizzapai,批萨姐 / 披萨姐
@raynopssgold,小昇
@rivalhw,大伟哥
@robertyan,阿盐
@robin.han,Robin
@sasaadrian,一灯大师
@sharonqian,虾仁 / Sharon
@shenchensucc,铁柱 / Buddy爸爸 / buddy爸爸 / buddy粑粑
@sherry.gong,Sherry
@shine.wong,金闪闪
@simpleslife,阿安
@slientstorm,阿杰 / 小杰
@snailsong,小松
@softmetal,软哥 / 软扣扣 / 软校长 / 铁蛋 / 村宽
@stabilowl,笔哥
@starrouge,阿星
@stepbie,曾老公 / Stephen
@sunai,三妞
@tanlikming,阿力
@team-cn,新手村
@thedreamsun66,小刘
@tiffany4ever,ITC9 / 师太
@trendhk,trendhk
@tumutanzi,坛爷
@tvb,一姐
@tydebbie,小迪 / Debbie / 小娣
@valleybkk,腿 / Ham
@wanggang,钢哥 / 钢天使
@weisheng167388,金老师 / 金兽
@weitz,大柱
@wilhb81,小智&小白条 / 小智 & 小白条 / 小智
@windenchanter,豆爸
@windowglass,糖糖
@winnie1998,负婆
@wongshiying,老王
@wuer,吾儿
@xiaoguai,小乖
@xiaoliu,六子
@xiaoshancun,三哥
@xiaoxiangyun,阿云
@xiaoyuanwmm,村长夫人 / 村凤
@yanhan,小萍萍
@yanyanbebe,茵茵
@yellowbird,黄鸟
@ygrj,阿洁
@zerofive,欧爷
@zilin,蔚阿姨
@zy-sb,二姐
